<?xml version="1.0" encoding="ISO-8859-1"?>
<!--$********** SCADE Suite KCG 32-bit 6.6.2 (build i4) **********
** Command: kcg662.exe -config C:/AnsysDev/examples/cicd/CruiseControl/KCG/config.txt
** Generation date: 2023-02-09T16:55:02
*************************************************************$-->
<mapping>
  <config>
    <option name="use_types" value="#off#"/>
    <option name="imported_root_package" value="#off#"/>
    <option name="root_package" value="#off#"/>
    <option name="xml_basename" value="kcg_xml_filter_out.scade"/>
    <option name="state_vector" value="#off#"/>
    <option name="static" value="#off#"/>
    <option name="separate_io_all" value="#off#"/>
    <option name="no_separate_io" value="#off#"/>
    <option name="separate_io" value="#off#"/>
    <option name="warn_error" value="#off#"/>
    <option name="short_circuit" value="#off#"/>
    <option name="wrap_c_ops" value="#off#"/>
    <option name="input_file" value="C:/Program Files/ANSYS Inc/v231/SCADE/SCADE/libraries/SC65/libverif/libverif.xscade"/>
    <option name="input_file" value="C:/AnsysDev/examples/cicd/Libraries/CarType/CarType.xscade"/>
    <option name="input_file" value="C:/AnsysDev/examples/cicd/Libraries/Car/Car.xscade"/>
    <option name="input_file" value="C:/Program Files/ANSYS Inc/v231/SCADE/SCADE/libraries/SC65/libpwlinear/lut.xscade"/>
    <option name="input_file"
        value="C:/Program Files/ANSYS Inc/v231/SCADE/SCADE/libraries/SC65/libpwlinear/pwlinear.xscade"/>
    <option name="input_file" value="C:/Program Files/ANSYS Inc/v231/SCADE/SCADE/libraries/SC65/libmathext/mathext.xscade"/>
    <option name="input_file" value="C:/Program Files/ANSYS Inc/v231/SCADE/SCADE/libraries/SC65/libmath/math.xscade"/>
    <option name="input_file" value="C:/Program Files/ANSYS Inc/v231/SCADE/SCADE/libraries/SC65/libmath/vect.xscade"/>
    <option name="input_file" value="C:/Program Files/ANSYS Inc/v231/SCADE/SCADE/libraries/SC65/liblinear/filters.xscade"/>
    <option name="input_file" value="C:/Program Files/ANSYS Inc/v231/SCADE/SCADE/libraries/SC65/liblinear/linear.xscade"/>
    <option name="input_file"
        value="C:/Program Files/ANSYS Inc/v231/SCADE/SCADE/libraries/SC65/libdigital/TruthTables.xscade"/>
    <option name="input_file" value="C:/Program Files/ANSYS Inc/v231/SCADE/SCADE/libraries/SC65/libdigital/digital.xscade"/>
    <option name="input_file" value="C:/AnsysDev/examples/cicd/CruiseControl/Defs.xscade"/>
    <option name="input_file" value="C:/AnsysDev/examples/cicd/CruiseControl/Proof.xscade"/>
    <option name="input_file" value="C:/AnsysDev/examples/cicd/CruiseControl/System.xscade"/>
    <option name="input_file" value="C:/AnsysDev/examples/cicd/CruiseControl/CruiseControl.xscade"/>
    <option name="probes" value="#off#"/>
    <option name="debug" value="#off#"/>
    <option name="no_observe" value="#off#"/>
    <option name="observe" value="#off#"/>
    <option name="user_config" value="./user_macros.h"/>
    <option name="input_threshold" value="#off#"/>
    <option name="header" value="#off#"/>
    <option name="significance_length" value="31"/>
    <option name="name_length" value="200"/>
    <option name="globals_prefix" value="#off#"/>
    <option name="keep_asserts" value="#off#"/>
    <option name="global_root_context" value="#off#"/>
    <option name="expall" value="#off#"/>
    <option name="noexp" value="#off#"/>
    <option name="exp" value="#off#"/>
    <option name="target_dir" value="C:/AnsysDev/examples/cicd/CruiseControl/KCG"/>
    <option name="target" value="C"/>
    <option name="root" value="CruiseControl::CruiseControl"/>
    <option name="auth" value="#off#"/>
  </config>
  <model>
    <array id="1" baseType="13" size="5"/>
    <predefType id="2" name="bool"/>
    <predefType id="3" name="char"/>
    <predefType id="4" name="int8"/>
    <predefType id="5" name="int16"/>
    <predefType id="6" name="int32"/>
    <predefType id="7" name="int64"/>
    <predefType id="8" name="uint8"/>
    <predefType id="9" name="uint16"/>
    <predefType id="10" name="uint32"/>
    <predefType id="11" name="uint64"/>
    <predefType id="12" name="float32"/>
    <predefType id="13" name="float64"/>
    <predefType id="14" name="size"/>
    <package id="15" name="CruiseControl">
      <operator id="16" name="SaturateThrottle" imported="false" root="false" expanded="false">
        <input id="17" name="ThrottleIn" clock="false" type="111"/>
        <output id="18" name="ThrottleOut" clock="false" type="111"/>
        <output id="19" name="Saturate" clock="false" type="2"/>
      </operator>
      <operator id="20" name="CruiseRegulation" imported="false" root="false" expanded="false">
        <input id="21" name="CruiseSpeed" clock="false" type="112"/>
        <input id="22" name="VehiculeSpeed" clock="false" type="112"/>
        <output id="23" name="Throttle" clock="false" type="111"/>
        <instance id="24" name="1" op="16" expanded="false"/>
        <fby id="25" name="1"/>
        <fby id="26" name="2"/>
        <instance id="27" name="2" op="122" expanded="true">
          <input id="28" name="G_Input" clock="false" type="12"/>
          <input id="29" name="Gain" clock="false" type="12"/>
          <output id="30" name="G_Output" clock="false" type="12"/>
        </instance>
        <instance id="31" name="3" op="122" expanded="true">
          <input id="32" name="G_Input" clock="false" type="12"/>
          <input id="33" name="Gain" clock="false" type="12"/>
          <output id="34" name="G_Output" clock="false" type="12"/>
        </instance>
      </operator>
      <operator id="35" name="CruiseControl" imported="false" root="true" expanded="false">
        <input id="36" name="On" clock="false" type="2"/>
        <input id="37" name="Off" clock="false" type="2"/>
        <input id="38" name="Resume" clock="false" type="2"/>
        <input id="39" name="Set" clock="false" type="2"/>
        <input id="40" name="QuickAccel" clock="false" type="2"/>
        <input id="41" name="QuickDecel" clock="false" type="2"/>
        <input id="42" name="Accel" clock="false" type="111"/>
        <input id="43" name="Brake" clock="false" type="111"/>
        <input id="44" name="Speed" clock="false" type="112"/>
        <output id="45" name="CruiseSpeed" clock="false" type="112"/>
        <output id="46" name="ThrottleCmd" clock="false" type="111"/>
        <output id="47" name="CruiseState" clock="false" type="106"/>
        <automaton id="48" name="SM1">
          <state id="49" name="Off" initial="true" final="false" default="false">
            <fork id="50" name="1" kind="strong">
              <transition id="51" dest="52"/>
            </fork>
          </state>
          <state id="52" name="Enabled" initial="false" final="false" default="false">
            <automaton id="53" name="SM2">
              <state id="54" name="Active" initial="true" final="false" default="false">
                <automaton id="55" name="SM3">
                  <state id="56" name="On" initial="true" final="false" default="false">
                    <instance id="57" name="2" op="20" expanded="false"/>
                    <fork id="58" name="1" kind="strong">
                      <transition id="59" dest="60"/>
                    </fork>
                  </state>
                  <state id="60" name="StandBy" initial="false" final="false" default="false">
                    <fork id="61" name="1" kind="strong">
                      <transition id="62" dest="56"/>
                    </fork>
                  </state>
                </automaton>
                <fork id="63" name="1" kind="strong">
                  <transition id="64" dest="65"/>
                </fork>
              </state>
              <state id="65" name="Interrupt" initial="false" final="false" default="false">
                <fork id="66" name="1" kind="strong">
                  <transition id="67" dest="54"/>
                </fork>
              </state>
            </automaton>
            <instance id="68" name="1" op="71" expanded="false"/>
            <fork id="69" name="1" kind="strong">
              <transition id="70" dest="49"/>
            </fork>
          </state>
        </automaton>
      </operator>
      <operator id="71" name="CruiseSpeedMgt" imported="false" root="false" expanded="false">
        <input id="72" name="Set" clock="false" type="2"/>
        <input id="73" name="QuickAccel" clock="false" type="2"/>
        <input id="74" name="QuickDecel" clock="false" type="2"/>
        <input id="75" name="Speed" clock="false" type="112"/>
        <output id="76" name="CruiseSpeed" clock="false" type="112"/>
        <block id="77" name="IfBlock1" type="2">
          <branch id="78" name="else">
            <branch id="79" name="else">
              <branch id="80" name="else">
                <last id="81"/>
              </branch>
              <branch id="82" name="then">
                <last id="83"/>
              </branch>
            </branch>
            <branch id="84" name="then">
              <last id="85"/>
            </branch>
          </branch>
          <branch id="86" name="then"/>
        </block>
        <instance id="87" name="1" op="131" expanded="true">
          <input id="88" name="LUS_Input" clock="false" type="12"/>
          <input id="89" name="LowLimit" clock="false" type="12"/>
          <input id="90" name="HighLimit" clock="false" type="12"/>
          <output id="91" name="LUS_Output" clock="false" type="12"/>
          <assume id="92" name="A1"/>
        </instance>
      </operator>
    </package>
    <package id="93" name="System"/>
    <package id="94" name="Proof"/>
    <package id="95" name="Defs">
      <constant id="96" name="ZeroSpeed" imported="false" type="112"/>
      <constant id="97" name="ZeroPercent" imported="false" type="111"/>
      <constant id="98" name="SpeedMin" imported="false" type="112"/>
      <constant id="99" name="SpeedMax" imported="false" type="112"/>
      <constant id="100" name="SpeedInc" imported="false" type="112"/>
      <constant id="101" name="RegulThrottleMax" imported="false" type="111"/>
      <constant id="102" name="PedalsMin" imported="false" type="111"/>
      <constant id="103" name="Kp" imported="false" type="12"/>
      <constant id="104" name="Ki" imported="false" type="12"/>
      <constant id="105" name="ThisIsNew" imported="false" type="6"/>
      <enum id="106" name="tCruiseState">
        <value id="107" name="OFF" default="false"/>
        <value id="108" name="INT" default="false"/>
        <value id="109" name="STDBY" default="false"/>
        <value id="110" name="ON" default="false"/>
      </enum>
      <type id="111" name="tPercent" imported="false" type="12"/>
      <type id="112" name="tSpeed" imported="false" type="12"/>
      <type id="113" name="tRpm" imported="false" type="12"/>
    </package>
    <package id="114" name="digital"/>
    <package id="115" name="truthtables">
      <enum id="116" name="TruthTableValues">
        <value id="117" name="T" default="false"/>
        <value id="118" name="F" default="false"/>
        <value id="119" name="X" default="false"/>
      </enum>
    </package>
    <package id="120" name="linear">
      <operator id="121" name="Gain" imported="false" root="false" expanded="true"/>
      <mono id="122" src="121">
        <typeVar id="123" name="T" type="12"/>
      </mono>
    </package>
    <package id="124" name="filters"/>
    <package id="125" name="vect"/>
    <package id="126" name="math"/>
    <package id="127" name="mathext">
      <package id="128" name="mathextimpl"/>
    </package>
    <package id="129" name="pwlinear">
      <operator id="130" name="LimiterUnSymmetrical" imported="false" root="false" expanded="true"/>
      <mono id="131" src="130">
        <typeVar id="132" name="T" type="12"/>
      </mono>
    </package>
    <package id="133" name="lut"/>
    <package id="134" name="Car">
      <constant id="135" name="Iengine" imported="false" type="13"/>
      <constant id="136" name="KBRAKE" imported="false" type="13"/>
      <constant id="137" name="KTRANSM" imported="false" type="1"/>
      <constant id="138" name="MASS" imported="false" type="13"/>
      <constant id="139" name="TCYCLE" imported="false" type="13"/>
      <constant id="140" name="Tengine" imported="false" type="13"/>
      <constant id="141" name="TorqMax" imported="false" type="13"/>
      <constant id="142" name="VehicleDynamic" imported="false" type="13"/>
    </package>
    <package id="143" name="CarType">
      <type id="144" name="tPercent" imported="false" type="13"/>
      <type id="145" name="tRpm" imported="false" type="13"/>
      <type id="146" name="tSpeed" imported="false" type="13"/>
      <type id="147" name="tTorq" imported="false" type="13"/>
    </package>
    <package id="148" name="verif"/>
  </model>
  <generated>
    <c>
      <file id="149" name="CruiseControl_CruiseControl.h">
        <function id="150" name="CruiseControl_init_CruiseControl">
          <parameter id="151" name="outC" type="157" pointer="true"/>
        </function>
        <function id="152" name="CruiseControl_reset_CruiseControl">
          <parameter id="153" name="outC" type="157" pointer="true"/>
        </function>
        <function id="154" name="CruiseControl_CruiseControl">
          <parameter id="155" name="inC" type="168" pointer="true"/>
          <parameter id="156" name="outC" type="157" pointer="true"/>
        </function>
        <struct id="157" name="outC_CruiseControl_CruiseControl">
          <field id="158" name="CruiseSpeed" type="217" pointer="false"/>
          <field id="159" name="ThrottleCmd" type="216" pointer="false"/>
          <field id="160" name="CruiseState" type="245" pointer="false"/>
          <field id="161" name="init" type="288" pointer="false"/>
          <field id="162" name="init1" type="288" pointer="false"/>
          <field id="163" name="SM2_state_nxt_Enabled_SM1" type="231" pointer="false"/>
          <field id="164" name="SM3_state_nxt_Active_SM2_Enabled_SM1" type="224" pointer="false"/>
          <field id="165" name="SM1_state_nxt" type="238" pointer="false"/>
          <field id="166" name="Context_CruiseRegulation_2" type="201" pointer="false"/>
          <field id="167" name="Context_CruiseSpeedMgt_1" type="189" pointer="false"/>
        </struct>
        <struct id="168" name="inC_CruiseControl_CruiseControl">
          <field id="169" name="On" type="288" pointer="false"/>
          <field id="170" name="Off" type="288" pointer="false"/>
          <field id="171" name="Resume" type="288" pointer="false"/>
          <field id="172" name="Set" type="288" pointer="false"/>
          <field id="173" name="QuickAccel" type="288" pointer="false"/>
          <field id="174" name="QuickDecel" type="288" pointer="false"/>
          <field id="175" name="Accel" type="216" pointer="false"/>
          <field id="176" name="Brake" type="216" pointer="false"/>
          <field id="177" name="Speed" type="217" pointer="false"/>
        </struct>
      </file>
      <file id="178" name="CruiseSpeedMgt_CruiseControl.h">
        <function id="179" name="CruiseSpeedMgt_init_CruiseControl">
          <parameter id="180" name="outC" type="189" pointer="true"/>
        </function>
        <function id="181" name="CruiseSpeedMgt_reset_CruiseControl">
          <parameter id="182" name="outC" type="189" pointer="true"/>
        </function>
        <function id="183" name="CruiseSpeedMgt_CruiseControl">
          <parameter id="184" name="Set" type="288" pointer="false"/>
          <parameter id="185" name="QuickAccel" type="288" pointer="false"/>
          <parameter id="186" name="QuickDecel" type="288" pointer="false"/>
          <parameter id="187" name="Speed" type="217" pointer="false"/>
          <parameter id="188" name="outC" type="189" pointer="true"/>
        </function>
        <struct id="189" name="outC_CruiseSpeedMgt_CruiseControl">
          <field id="190" name="CruiseSpeed" type="217" pointer="false"/>
          <field id="191" name="init" type="288" pointer="false"/>
        </struct>
      </file>
      <file id="192" name="CruiseRegulation_CruiseControl.h">
        <function id="193" name="CruiseRegulation_init_CruiseControl">
          <parameter id="194" name="outC" type="201" pointer="true"/>
        </function>
        <function id="195" name="CruiseRegulation_reset_CruiseControl">
          <parameter id="196" name="outC" type="201" pointer="true"/>
        </function>
        <function id="197" name="CruiseRegulation_CruiseControl">
          <parameter id="198" name="CruiseSpeed" type="217" pointer="false"/>
          <parameter id="199" name="VehiculeSpeed" type="217" pointer="false"/>
          <parameter id="200" name="outC" type="201" pointer="true"/>
        </function>
        <struct id="201" name="outC_CruiseRegulation_CruiseControl">
          <field id="202" name="Throttle" type="216" pointer="false"/>
          <field id="203" name="_L10" type="287" pointer="false"/>
          <field id="204" name="_L14" type="288" pointer="false"/>
        </struct>
      </file>
      <file id="205" name="SaturateThrottle_CruiseControl.h">
        <function id="206" name="SaturateThrottle_CruiseControl">
          <parameter id="207" name="ThrottleIn" type="216" pointer="false"/>
          <parameter id="208" name="ThrottleOut" type="216" pointer="true"/>
          <parameter id="209" name="Saturate" type="288" pointer="true"/>
        </function>
      </file>
      <file id="210" name="kcg_types.h">
        <ifdef id="211" name="kcg_use_array_float64_5">
          <function id="212" name="kcg_comp_array_float64_5" returnType="288">
            <parameter id="213" name="kcg_c1" type="219" pointer="true"/>
            <parameter id="214" name="kcg_c2" type="219" pointer="true"/>
          </function>
        </ifdef>
        <macro id="215" name="kcg_copy_array_float64_5"/>
        <typedef id="216" name="tPercent_Defs" aliasType="287"/>
        <typedef id="217" name="tSpeed_Defs" aliasType="287"/>
        <typedef id="218" name="tRpm_Defs" aliasType="287"/>
        <array id="219" name="array_float64_5" baseType="286" size="5"/>
        <typedef id="220" name="tSpeed_CarType" aliasType="286"/>
        <typedef id="221" name="tTorq_CarType" aliasType="286"/>
        <typedef id="222" name="tPercent_CarType" aliasType="286"/>
        <typedef id="223" name="tRpm_CarType" aliasType="286"/>
        <enum id="224" name="SSM_ST_SM3_Active_SM2_Enabled_SM1" tagName="kcg_tag_SSM_ST_SM3_Active_SM2_Enabled_SM1">
          <value id="225" name="SSM_st_On_SM3_Active_SM2_Enabled_SM1"/>
          <value id="226" name="SSM_st_StandBy_SM3_Active_SM2_Enabled_SM1"/>
        </enum>
        <enum id="227" name="SSM_TR_SM3_Active_SM2_Enabled_SM1" tagName="kcg_tag_SSM_TR_SM3_Active_SM2_Enabled_SM1">
          <value id="228" name="SSM_TR_no_trans_SM3_Active_SM2_Enabled_SM1"/>
          <value id="229" name="SSM_TR_On_StandBy_1_On_SM3_Active_SM2_Enabled_SM1"/>
          <value id="230" name="SSM_TR_StandBy_On_1_StandBy_SM3_Active_SM2_Enabled_SM1"/>
        </enum>
        <enum id="231" name="SSM_ST_SM2_Enabled_SM1" tagName="kcg_tag_SSM_ST_SM2_Enabled_SM1">
          <value id="232" name="SSM_st_Active_SM2_Enabled_SM1"/>
          <value id="233" name="SSM_st_Interrupt_SM2_Enabled_SM1"/>
        </enum>
        <enum id="234" name="SSM_TR_SM2_Enabled_SM1" tagName="kcg_tag_SSM_TR_SM2_Enabled_SM1">
          <value id="235" name="SSM_TR_no_trans_SM2_Enabled_SM1"/>
          <value id="236" name="SSM_TR_Active_Interrupt_1_Active_SM2_Enabled_SM1"/>
          <value id="237" name="SSM_TR_Interrupt_Active_1_Interrupt_SM2_Enabled_SM1"/>
        </enum>
        <enum id="238" name="SSM_ST_SM1" tagName="kcg_tag_SSM_ST_SM1">
          <value id="239" name="SSM_st_Off_SM1"/>
          <value id="240" name="SSM_st_Enabled_SM1"/>
        </enum>
        <enum id="241" name="SSM_TR_SM1" tagName="kcg_tag_SSM_TR_SM1">
          <value id="242" name="SSM_TR_no_trans_SM1"/>
          <value id="243" name="SSM_TR_Off_Enabled_1_Off_SM1"/>
          <value id="244" name="SSM_TR_Enabled_Off_1_Enabled_SM1"/>
        </enum>
        <enum id="245" name="tCruiseState_Defs" tagName="kcg_tag_tCruiseState_Defs">
          <value id="246" name="OFF_Defs"/>
          <value id="247" name="INT_Defs"/>
          <value id="248" name="STDBY_Defs"/>
          <value id="249" name="ON_Defs"/>
        </enum>
        <enum id="250" name="TruthTableValues_truthtables" tagName="kcg_tag_TruthTableValues_truthtables">
          <value id="251" name="T_truthtables"/>
          <value id="252" name="F_truthtables"/>
          <value id="253" name="X_truthtables"/>
        </enum>
        <macro id="254" name="kcg_assign_array"/>
        <macro id="255" name="kcg_assign_struct"/>
        <macro id="256" name="kcg_lnot_uint8"/>
        <macro id="257" name="kcg_lnot_uint16"/>
        <macro id="258" name="kcg_lnot_uint32"/>
        <macro id="259" name="kcg_lnot_uint64"/>
        <macro id="260" name="kcg_lsl_uint8"/>
        <macro id="261" name="kcg_lsl_uint16"/>
        <macro id="262" name="kcg_lsl_uint32"/>
        <macro id="263" name="kcg_lsl_uint64"/>
        <macro id="264" name="kcg_true"/>
        <macro id="265" name="kcg_false"/>
        <macro id="266" name="kcg_lit_int8"/>
        <macro id="267" name="kcg_lit_int16"/>
        <macro id="268" name="kcg_lit_int32"/>
        <macro id="269" name="kcg_lit_int64"/>
        <macro id="270" name="kcg_lit_uint8"/>
        <macro id="271" name="kcg_lit_uint16"/>
        <macro id="272" name="kcg_lit_uint32"/>
        <macro id="273" name="kcg_lit_uint64"/>
        <macro id="274" name="kcg_lit_size"/>
        <macro id="275" name="kcg_lit_float64"/>
        <macro id="276" name="kcg_lit_float32"/>
        <predefType id="277" name="kcg_int8"/>
        <predefType id="278" name="kcg_int16"/>
        <predefType id="279" name="kcg_int32"/>
        <predefType id="280" name="kcg_int64"/>
        <predefType id="281" name="kcg_uint8"/>
        <predefType id="282" name="kcg_uint16"/>
        <predefType id="283" name="kcg_uint32"/>
        <predefType id="284" name="kcg_uint64"/>
        <predefType id="285" name="kcg_size"/>
        <predefType id="286" name="kcg_float64"/>
        <predefType id="287" name="kcg_float32"/>
        <predefType id="288" name="kcg_bool"/>
        <predefType id="289" name="kcg_char"/>
        <macro id="290" name="KCG_MAPW_CPY"/>
      </file>
      <file id="291" name="kcg_consts.h">
        <macro id="292" name="ZeroPercent_Defs" type="216"/>
        <macro id="293" name="RegulThrottleMax_Defs" type="216"/>
        <macro id="294" name="ZeroSpeed_Defs" type="217"/>
        <macro id="295" name="Kp_Defs" type="287"/>
        <macro id="296" name="Ki_Defs" type="287"/>
        <macro id="297" name="SpeedMin_Defs" type="217"/>
        <macro id="298" name="SpeedMax_Defs" type="217"/>
        <macro id="299" name="SpeedInc_Defs" type="217"/>
        <macro id="300" name="PedalsMin_Defs" type="216"/>
        <macro id="301" name="KBRAKE_Car" type="286"/>
        <macro id="302" name="MASS_Car" type="286"/>
        <macro id="303" name="TCYCLE_Car" type="286"/>
        <macro id="304" name="VehicleDynamic_Car" type="286"/>
        <macro id="305" name="Iengine_Car" type="286"/>
        <macro id="306" name="Tengine_Car" type="286"/>
        <macro id="307" name="TorqMax_Car" type="286"/>
        <macro id="308" name="ThisIsNew_Defs" type="279"/>
        <constant id="309" name="KTRANSM_Car" type="219" pointer="false"/>
      </file>
      <file id="310" name="kcg_sensors.h"/>
    </c>
    <map srcId="286" dstId="275" role="wrapped-lit"/>
    <map srcId="287" dstId="276" role="wrapped-lit"/>
    <map srcId="285" dstId="274" role="wrapped-lit"/>
    <map srcId="284" dstId="273" role="wrapped-lit"/>
    <map srcId="284" dstId="259" role="wrapped-lnot"/>
    <map srcId="284" dstId="263" role="wrapped-lsl"/>
    <map srcId="283" dstId="272" role="wrapped-lit"/>
    <map srcId="283" dstId="258" role="wrapped-lnot"/>
    <map srcId="283" dstId="262" role="wrapped-lsl"/>
    <map srcId="282" dstId="271" role="wrapped-lit"/>
    <map srcId="282" dstId="257" role="wrapped-lnot"/>
    <map srcId="282" dstId="261" role="wrapped-lsl"/>
    <map srcId="281" dstId="270" role="wrapped-lit"/>
    <map srcId="281" dstId="256" role="wrapped-lnot"/>
    <map srcId="281" dstId="260" role="wrapped-lsl"/>
    <map srcId="280" dstId="269" role="wrapped-lit"/>
    <map srcId="279" dstId="268" role="wrapped-lit"/>
    <map srcId="278" dstId="267" role="wrapped-lit"/>
    <map srcId="277" dstId="266" role="wrapped-lit"/>
    <map srcId="219" dstId="211" role="type-use"/>
    <map srcId="219" dstId="212" role="type-comparison"/>
    <map srcId="219" dstId="215" role="type-copy"/>
  </generated>
  <map modelId="119" generatedId="253"/>
  <map modelId="118" generatedId="252"/>
  <map modelId="117" generatedId="251"/>
  <map modelId="70" generatedId="244"/>
  <map modelId="51" generatedId="243"/>
  <map modelId="48" generatedId="242" role="autom-no-trans-enum"/>
  <map modelId="67" generatedId="237"/>
  <map modelId="64" generatedId="236"/>
  <map modelId="53" generatedId="235" role="autom-no-trans-enum"/>
  <map modelId="62" generatedId="230"/>
  <map modelId="59" generatedId="229"/>
  <map modelId="55" generatedId="228" role="autom-no-trans-enum"/>
  <map modelId="107" generatedId="246"/>
  <map modelId="110" generatedId="249"/>
  <map modelId="109" generatedId="248"/>
  <map modelId="108" generatedId="247"/>
  <map modelId="60" generatedId="226"/>
  <map modelId="56" generatedId="225"/>
  <map modelId="65" generatedId="233"/>
  <map modelId="54" generatedId="232"/>
  <map modelId="52" generatedId="240"/>
  <map modelId="49" generatedId="239"/>
  <map modelId="35" generatedId="151" role="context-parameter"/>
  <map modelId="35" generatedId="150" role="init-method"/>
  <map modelId="35" generatedId="153" role="context-parameter"/>
  <map modelId="35" generatedId="152" role="reset-method"/>
  <map modelId="35" generatedId="155" role="input-struct-parameter"/>
  <map modelId="44" generatedId="177"/>
  <map modelId="43" generatedId="176"/>
  <map modelId="42" generatedId="175"/>
  <map modelId="41" generatedId="174"/>
  <map modelId="40" generatedId="173"/>
  <map modelId="39" generatedId="172"/>
  <map modelId="38" generatedId="171"/>
  <map modelId="37" generatedId="170"/>
  <map modelId="36" generatedId="169"/>
  <map modelId="35" generatedId="168" role="input-struct-type"/>
  <map modelId="35" generatedId="156" role="context-parameter"/>
  <map modelId="68" generatedId="167"/>
  <map modelId="57" generatedId="166"/>
  <map modelId="48" generatedId="165" role="autom-next-state"/>
  <map modelId="55" generatedId="164" role="autom-next-state"/>
  <map modelId="53" generatedId="163" role="autom-next-state"/>
  <map modelId="55" generatedId="162" role="init"/>
  <map modelId="53" generatedId="161" role="init"/>
  <map modelId="47" generatedId="160"/>
  <map modelId="46" generatedId="159"/>
  <map modelId="45" generatedId="158"/>
  <map modelId="35" generatedId="157" role="context-type"/>
  <map modelId="35" generatedId="149" role="interface-file"/>
  <map modelId="35" generatedId="154" role="cycle-method"/>
  <map modelId="71" generatedId="180" role="context-parameter"/>
  <map modelId="71" generatedId="179" role="init-method"/>
  <map modelId="71" generatedId="182" role="context-parameter"/>
  <map modelId="71" generatedId="181" role="reset-method"/>
  <map modelId="75" generatedId="187"/>
  <map modelId="74" generatedId="186"/>
  <map modelId="73" generatedId="185"/>
  <map modelId="72" generatedId="184"/>
  <map modelId="77" generatedId="184" role="condition"/>
  <map modelId="71" generatedId="188" role="context-parameter"/>
  <map modelId="76" generatedId="190"/>
  <map modelId="81" generatedId="190" role="memory"/>
  <map modelId="83" generatedId="190" role="memory"/>
  <map modelId="85" generatedId="190" role="memory"/>
  <map modelId="91" generatedId="190"/>
  <map modelId="71" generatedId="189" role="context-type"/>
  <map modelId="71" generatedId="178" role="interface-file"/>
  <map modelId="71" generatedId="183" role="cycle-method"/>
  <map modelId="20" generatedId="194" role="context-parameter"/>
  <map modelId="20" generatedId="193" role="init-method"/>
  <map modelId="20" generatedId="196" role="context-parameter"/>
  <map modelId="20" generatedId="195" role="reset-method"/>
  <map modelId="22" generatedId="199"/>
  <map modelId="21" generatedId="198"/>
  <map modelId="20" generatedId="200" role="context-parameter"/>
  <map modelId="25" generatedId="204" role="memory"/>
  <map modelId="26" generatedId="203" role="memory"/>
  <map modelId="32" generatedId="203"/>
  <map modelId="23" generatedId="202"/>
  <map modelId="20" generatedId="201" role="context-type"/>
  <map modelId="20" generatedId="192" role="interface-file"/>
  <map modelId="20" generatedId="197" role="cycle-method"/>
  <map modelId="19" generatedId="209"/>
  <map modelId="18" generatedId="208"/>
  <map modelId="17" generatedId="207"/>
  <map modelId="16" generatedId="205" role="interface-file"/>
  <map modelId="16" generatedId="206" role="cycle-method"/>
  <map modelId="137" generatedId="309"/>
  <map modelId="105" generatedId="308"/>
  <map modelId="141" generatedId="307"/>
  <map modelId="140" generatedId="306"/>
  <map modelId="135" generatedId="305"/>
  <map modelId="142" generatedId="304"/>
  <map modelId="139" generatedId="303"/>
  <map modelId="138" generatedId="302"/>
  <map modelId="136" generatedId="301"/>
  <map modelId="102" generatedId="300"/>
  <map modelId="100" generatedId="299"/>
  <map modelId="99" generatedId="298"/>
  <map modelId="98" generatedId="297"/>
  <map modelId="104" generatedId="296"/>
  <map modelId="103" generatedId="295"/>
  <map modelId="96" generatedId="294"/>
  <map modelId="101" generatedId="293"/>
  <map modelId="97" generatedId="292"/>
  <map modelId="145" generatedId="223"/>
  <map modelId="116" generatedId="250"/>
  <map modelId="113" generatedId="218"/>
  <map modelId="144" generatedId="222"/>
  <map modelId="147" generatedId="221"/>
  <map modelId="146" generatedId="220"/>
  <map modelId="106" generatedId="245"/>
  <map modelId="112" generatedId="217"/>
  <map modelId="111" generatedId="216"/>
  <map modelId="48" generatedId="241" role="autom-transitions-type"/>
  <map modelId="48" generatedId="238" role="autom-states-type"/>
  <map modelId="53" generatedId="234" role="autom-transitions-type"/>
  <map modelId="53" generatedId="231" role="autom-states-type"/>
  <map modelId="55" generatedId="227" role="autom-transitions-type"/>
  <map modelId="55" generatedId="224" role="autom-states-type"/>
  <map modelId="1" generatedId="219"/>
  <map modelId="3" generatedId="289"/>
  <map modelId="2" generatedId="288"/>
  <map modelId="13" generatedId="286"/>
  <map modelId="12" generatedId="287"/>
  <map modelId="14" generatedId="285"/>
  <map modelId="11" generatedId="284"/>
  <map modelId="10" generatedId="283"/>
  <map modelId="9" generatedId="282"/>
  <map modelId="8" generatedId="281"/>
  <map modelId="7" generatedId="280"/>
  <map modelId="6" generatedId="279"/>
  <map modelId="5" generatedId="278"/>
  <map modelId="4" generatedId="277"/>
</mapping>
<!--$********** SCADE Suite KCG 32-bit 6.6.2 (build i4) **********
** mapping.xml
** Generation date: 2023-02-09T16:55:02
*************************************************************$-->